R5-0C,I18N_R5_INPUT_PANELS_INVENTORY.csv,REBUILT,"Complete re-extraction using DOTALL multi-line-aware regex for all 5 component types. Corrected R5-0's erroneous manual addition (falsely treated leaseStatus as a 6th missing SelectField). Final: 97 direct controls (52 building + 45 land, exact reconciliation), 5 SelectField (not 6), 128 total rows (97 controls + 31 sub-properties: 18 notes + 8 warnText + 5 options)"
R5-0C,R5_0C_PARSER_EXCEPTION_REGISTER.csv,CREATED,"Documents the one manual correction from R5-0 and why it was itself incorrect -- transparently superseded, not silently fixed"
R5-0D,R5_0C_PARSER_EXCEPTION_REGISTER.csv,MODIFIED,"Added R5-0D confirmation entry documenting independent re-verification of the 128-row CSV without new manual corrections"
R5-0E,I18N_R5_0_AUTHORITATIVE_INVENTORY_REPORT.md,CREATED,"Authoritative wave-ownership report including required 'Controlled Enum Options Wave Ownership' section; corrects R5-0D's over-broad ALL_CONTROLLED_ENUM_PRESENTATION_ROWS_ASSIGNED_TO_R5C claim with precise financing-vs-non-financing split. No CSV data changes needed -- the underlying inventory was already correct."
R5-0E,I18N_R5_CHANGE_MANIFEST.csv,MODIFIED,"Added R5-0E entries documenting the options/wave accounting micro-fix (documentation-only, zero production or CSV data changes)"
R5-A,src/i18n/locales/ar-SA.js,MODIFIED,"Added inputBuilding section (65 keys: 7 section headings, 38 unique raw fields' labels, 7 notes, 3 warnText, 10 units)"
R5-A,src/i18n/locales/en.js,MODIFIED,"Added inputBuilding section (65 keys, exact parity)"
R5-A,src/app/App.jsx,MODIFIED,"BuildingInputPanel: replaced 45 control labels/titles + 10 property rows (notes/warnText) across Sections 1-6 and 8; fixed a self-inflicted line-break loss during editing (caught and corrected same-turn); Sections 7 (financing, R5-D) and leaseStatus/all SelectField (R5-C) deliberately untouched"
R5-A,tests/i18n/run_r5a_full_closure.js,CREATED,"Permanent test: inventory/component/property reconciliation (55/45/10) + dictionary parity + engine invariance + R5-B/C/D scope isolation proof, 13/13 PASS (1 self-caught counting error in the test itself, fixed same-turn)"
R5-A,I18N_R5_INPUT_PANELS_INVENTORY.csv,MODIFIED,"implementation_status set to LOCALIZED_R5A for exactly 55 rows"
R5-B,src/i18n/locales/ar-SA.js,MODIFIED,"Added inputLand section (50 keys) + unitMeter key"
R5-B,src/i18n/locales/en.js,MODIFIED,"Added inputLand section (50 keys) + unitMeter key, exact parity"
R5-B,src/app/App.jsx,MODIFIED,"LandInputPanel: replaced 37 control labels/titles + 8 property rows across Sections 1-6 and 8; 4 self-caught draft errors fixed pre-write (defaultOpen, unit mismatch, missing warnAbove, multi-line block); Section 7 (financing, R5-D) and buildingTypeLabel/buildingPermitStatus (R5-C) deliberately untouched"
R5-B,tests/i18n/run_r5b_full_closure.js,CREATED,"Permanent test: inventory/component/property reconciliation (45/37/8) + dictionary parity + engine invariance + R5-A/C/D scope isolation, 12/12 PASS"
R5-B,I18N_R5_INPUT_PANELS_INVENTORY.csv,MODIFIED,"implementation_status set to LOCALIZED_R5B for exactly 45 rows"
R5-C,src/i18n/domain-presentation.js,MODIFIED,"Added getLeaseStatusLabel/LEASE_STATUS_PRESENTATION_KEYS and getBuildingTypeLabel/BUILDING_TYPE_PRESENTATION_KEYS, same throw-on-unknown pattern as existing getBuildingPermitStatusLabel (R3V) -- no second mapping path created"
R5-C,src/i18n/locales/ar-SA.js,MODIFIED,"Added leaseStatus (5 keys) + buildingType (4 keys) + 3 select-field labels + 1 note to dashboardR3 section"
R5-C,src/i18n/locales/en.js,MODIFIED,"Added leaseStatus (5 keys) + buildingType (4 keys) + 3 select-field labels + 1 note, exact parity"
R5-C,src/app/App.jsx,MODIFIED,"Extended shared SelectField component to support {value,label} options alongside legacy plain-string options (backward compatible, verified against financingStructureLabel's 2 untouched instances); localized leaseStatus, buildingTypeLabel, buildingPermitStatus SelectField label+options; buildingPermitStatus checked comparison verified byte-identical; 1 self-caught constant-name typo fixed pre-test"
R5-C,tests/i18n/run_r5a_full_closure.js,MODIFIED,"Updated 2 stale scope-isolation assertions (R5-C fields are now legitimately localized, not untouched) -- not a regression, a necessary test update"
R5-C,tests/i18n/run_r5b_full_closure.js,MODIFIED,"Updated 2 stale scope-isolation assertions, same reason"
R5-C,tests/i18n/run_r5c_full_closure.js,CREATED,"Permanent test: inventory reconciliation + all 12 raw-value mappings (both locales, distinct) + 3 unknown-value guards + semantic comparison + SelectField backward compatibility + engine invariance, 25/25 PASS"
R5-C,I18N_R5_INPUT_PANELS_INVENTORY.csv,MODIFIED,"implementation_status set to LOCALIZED_R5C for exactly 7 rows"
R5-D,src/i18n/domain-presentation.js,MODIFIED,"Added getFinancingStructureLabel/FINANCING_STRUCTURE_PRESENTATION_KEYS, same pattern as R5-C's three enum mappers"
R5-D,src/i18n/locales/ar-SA.js,MODIFIED,"Added financingInput section (14 keys: section title, toggle note, structure label+2 options, LTV/LTC label+warn pair, loan rate label+land-only note, loan tenor label+note pair for each study)"
R5-D,src/i18n/locales/en.js,MODIFIED,"Added financingInput section (14 keys, exact parity)"
R5-D,src/app/App.jsx,MODIFIED,"Localized both financing Sections (Building+Land): Toggle note, SelectField label+options (via central mapper), LTV/LTC PercentField label+warnText, loan rate PercentField label(+Land note), loan tenor NumField label+unit+note -- 12 controls + 9 properties = 21 rows. R5 now 128/128 localized with zero remaining hardcoded Arabic in either input panel."
R5-D,tests/i18n/run_r5a_full_closure.js,MODIFIED,"Updated 1 stale scope-isolation assertion (ltv now legitimately localized)"
R5-D,tests/i18n/run_r5c_full_closure.js,MODIFIED,"Updated 1 stale scope-isolation assertion (financingStructureLabel now legitimately localized via central mapper)"
R5-D,tests/i18n/run_r5d_full_closure.js,CREATED,"Permanent test: inventory/component/property reconciliation (21/12/9) + financing structure raw/display mapping + LTV/LTC and note distinctness + whole-panel zero-hardcoded-Arabic proof (R5 complete) + levered engine invariance, 20/20 PASS"
R5-D,I18N_R5_INPUT_PANELS_INVENTORY.csv,MODIFIED,"implementation_status set to LOCALIZED_R5D for exactly 21 rows -- R5 total now 128/128 localized"
R5-E,tests/i18n/run_r5e_inventory_closure.js,CREATED,"Orchestration test: master CSV 128/128 reconciliation, 6/6 PASS"
R5-E,tests/i18n/run_r5e_input_source_purity.js,CREATED,"Orchestration test: whole-panel-function zero-hardcoded-Arabic proof for both panels, 2/2 PASS"
R5-E,tests/i18n/run_r5e_enum_integration.js,CREATED,"Orchestration test: all 4 enum mappers together, raw-value/order match, 14/14 value mappings + 4/4 unknown-guards, 9/9 PASS"
R5-E,tests/i18n/run_r5e_financing_integration.js,CREATED,"Orchestration test: financing section always-visible + LTV/LTC distinctness, 3/3 PASS"
R5-E,tests/i18n/run_r5e_raw_invariance.js,CREATED,"Orchestration test: both studies levered+unlevered engine invariance, 7/7 PASS"
R5-E,tests/i18n/run_r5e_dom_purity.js,CREATED,"Orchestration test: dictionary parity across all R5 sections including 4 enum sub-objects, 9/9 PASS"
R5-E,tests/i18n/run_r5e_roundtrip.js,CREATED,"Documents the real-browser 8-scenario matrix + 2 explicit raw-value roundtrip proofs executed in this session, 5/5 PASS"
R5-E,tests/i18n/run_r5e_full_closure.js,CREATED,"FINAL R5 gate: orchestrates all 4 wave closures + 7 R5-E tests + 6 prior-wave (V1A-R4) preservation checks via child-process execution -- no duplicated assertion logic, 17/17 PASS"
R5-E,I18N_R5_FULL_CLOSURE_REPORT.md,CREATED,"Final integrated closure report: 128/128 confirmed, all 4 wave gates re-verified, browser matrix, raw invariants, dictionary integrity"
R5-E,I18N_R5_INPUT_PANELS_INVENTORY.csv,UNCHANGED,"No wave reassignment -- inventory already complete from R5-D; R5-E only verified, did not modify"
