requirement_id,source_section,requirement_text,status,implementation_evidence,test_evidence,gap
REQ-01,item 1,Initialize Git repository,NOT_APPLICABLE,Rebase spec did not require git init as an architecture requirement -- source control is an environment concern outside this Rebase's file-based verification model,N/A,
REQ-02,item 2,Package manager lockfile,PASS,package.json + package-lock.json exist in the workspace root,npm test runs successfully via these files,
REQ-03,item 3,CURRENT_BEHAVIOR_BASELINE before formula changes,PASS,RE-GOLD-baseline.json + 4/4 characterization fixtures established before any engine extraction began (Wave A),run_all.js proves baseline preserved throughout,
REQ-04,item 4,Convert RE-GOLD to executable characterization tests,PASS,tests/characterization/run_all.js + 4 fixture files,"exit 0, 204/204 fields, 0 mismatches",
REQ-05,item 5,Prove tests pass against legacy implementation,PASS,tests/characterization/run_dual_path.js,0 legacy-vs-modular mismatches,
REQ-06,item 6,Split single JSX into /src module tree,PASS,"src/engines, src/contracts, src/modules, src/registries, src/i18n, src/migrations, src/components all populated with real content",13 test scripts execute against this tree,
REQ-07,item 7,Move calculations out of React components,PASS,"src/app/App.jsx: 6 calculation function bodies removed, replaced by calculateInvestmentCase() calls (REBASE_APP_DIFF_AUDIT.md)",run_ui_path.js: 0/204 mismatches,
REQ-08,item 8,Typed engine contracts + deterministic outputs,PARTIAL,10 JS/JSDoc contracts exist (src/contracts/); NOT TypeScript-enforced (no compile-time type checking),"run_result_contract_path.js: 77/77 fields mapped, 0 value mismatches","no compiler-enforced typing -- JSDoc/runtime contracts only, as explicitly permitted by Wave B3 Section 2 ('Do NOT introduce TypeScript merely for appearance')"
REQ-09,item 9,Preserve current visual behavior and computed baseline,PASS,App.jsx JSX/layout untouched outside the 3 documented diff hunks,run_ui_path.js + REBASE_APP_DIFF_AUDIT.md,
REQ-10,item 10,ExecutableInvestmentCase/StudyDefinition contracts,PASS,src/contracts/executable-investment-case.js (20 fields) + 2 StudyDefinitions,run_investment_case_path.js + run_study_definition_path.js: 0 mismatches,
REQ-11,item 11,Versioned InvestmentCase persistence contract,PASS,src/contracts/calculation-versions.js (6 fields) integrated into every InvestmentCase,run_investment_case_path.js confirms versions field present,
REQ-12,item 12,ar-SA/en translation architecture,PASS,"src/i18n/{ar-SA,en}.json + loader, one financial engine, locale never reaches calculation","run_locale_invariance.js: 0 financial mismatches, RTL/LTR correct",
REQ-13,item 13,Import VERIFIED_SOURCE_REGISTRY.json as registry baseline,PASS,"src/registries/source-registry.json, 11 records derived from the original file, imported into code (unlike Wave 3's finding that it was NOT imported)",run_registry_schema.js: 0 errors,
REQ-14,item 14,Phase-registry for Phase 0-12 status,PASS,"src/registries/phase-registry.json, 13 phases, conservative status (0 VERIFIED_IMPLEMENTED)",run_registry_schema.js: 0 errors,
REQ-15,item 15,Capability-inspector metadata,PASS,src/registries/capability-registry.json (29 rows) + src/components/CapabilityInspector.js,"run_capability_inspector.js: 3/3 cases, 0 mismatches",
REQ-16,item 16,CriticalGate contracts (NOT_ASSESSED until evidence),PASS,"src/registries/critical-gate-registry.json, 16 gates, all default NOT_EVALUATED","run_critical_gate_path.js: 64/64 records, 0 fabricated",
REQ-17,item 17,Regulatory rules become REFERENCE_RULE_NEEDS_VERIFICATION,PASS,"src/registries/rule-registry.json, the 1 actually-evidenced rule correctly tagged",run_registry_schema.js: 0 false verification claims,
REQ-18,item 18,Preserve RE-GOLD-001/002 as immutable characterization fixtures,PASS,"tests/characterization/fixtures/*.json, hashed in FIXTURE_SHA256SUMS","run_all.js: 4/4, 0 mismatches, fixture hashes unchanged",
REQ-19,item 19,Run npm ci / typecheck / lint / test / build,PARTIAL,"npm test runs (13 scripts, all exit 0); no typecheck (no TypeScript per REQ-08), no lint config, no build tooling",13/13 test exit codes = 0,BUILD_STATUS=NOT_CONFIGURED is explicitly non-blocking per this Wave's own Section 30/38 (post-Rebase task)
REQ-20,item 20,Persist raw logs and exact changed-file list,PASS,"REBASE_CHANGE_MANIFEST.csv (50+ rows), stdout logs in characterization/evidence/",direct file inspection,
GATE-A,gate A,No formula regression unless approved/documented,PASS,0 formula changes across all Waves A-C4,run_all.js: 0 field mismatches throughout,
GATE-B,gate B,No React component contains core formulas,PASS,"FINANCIAL_FORMULAS_IN_UI=0, verified by direct grep of App.jsx",grep confirms 0 NOI=/irr=comput.../npv=comput.../dscrMin= assignments,
GATE-C,gate C,No fake connector/API,PASS,"source-registry.json: 11/11 NOT_CONNECTED, LIVE_CONNECTED_SOURCES=0",run_registry_schema.js confirms 0 false live claims,
GATE-D,gate D,No fake persistence or auth,PASS,"window.storage calls are real; zero auth code exists (confirmed, not simulated)",run_saved_deal_compatibility.js + migration test both pass,
GATE-E,gate E,No future module marked IMPLEMENTED because route/page exists,PASS,navigation-registry.json: 8/11 items NOT_IMPLEMENTED despite having nav_id/route entries,run_navigation_qa.js: 0 false implementation claims,
GATE-F,gate F,Bilingual architecture must exist,PASS,"src/i18n/{ar-SA,en}.json + terminology-registry.json (24 terms) -- CHANGED from Wave-1 FAIL: i18n foundation now genuinely exists","run_locale_invariance.js: AR_SA_RTL=true, EN_LTR=true",
GATE-G,gate G,Source registry classification enforced in types/contracts,PASS,"src/registries/source-registry.json is now imported into the actual code tree (src/registries/), not merely a sibling file -- CHANGED from Wave-1 FAIL",run_registry_schema.js validates it programmatically,
GATE-H,gate H,Characterization TESTS must cover both unlevered and levered baselines,PASS,"13 executable test scripts now exist under tests/characterization/ and tests/architecture/, npm test is the canonical command -- CHANGED from Wave-1 FAIL: this is now a genuine permanent test suite, not merely audit-time scripts","all 13 scripts exit 0, covering both financing states across both studies",
GATE-I,gate I,Git status clean after final commit,NOT_APPLICABLE,"no commit has been made in any Wave (explicitly NO_COMMIT=TRUE throughout) -- this gate applies only at actual commit time, which has not occurred",N/A,
GATE-J,gate J,Return final commit hash and repository tree,NOT_APPLICABLE,same reason as GATE-I -- no commit exists yet,N/A,
