requirement_id,directive_area,requirement,baseline_disposition,target_owner,rule_or_gate,test_obligation,release_status
W7-STD-001,Standards Registry,"Maintain governed standard/version/status/effective/source/review metadata",GAP,"Standards Registry","STANDARD_SOURCE_UNVERIFIED / STANDARD_VERSION_UNVERIFIED","Registry schema + status enum tests",HOLD_UNTIL_IMPLEMENTED
W7-STD-002,Standards Rules,"Separate executable StandardRule from bibliographic Standard",GAP,"Standards Rule Engine","STANDARD_RULE_UNAPPROVED","Rule schema + deterministic evaluator tests",HOLD_UNTIL_IMPLEMENTED
W7-STD-003,Draft isolation,"DRAFT standards cannot alter production conclusion/calculation/report approval",GAP,"Standards Rule Engine","DRAFT_NON_ENFORCEMENT","Same-input regression with newer DRAFT",HOLD_UNTIL_IMPLEMENTED
W7-STD-004,Future isolation,"FUTURE standards cannot apply before effective date or auto-activate",GAP,"Standards Lifecycle","FUTURE_NON_ENFORCEMENT","Before/after date without approval tests",HOLD_UNTIL_IMPLEMENTED
W7-STD-005,Activation,"Activation requires source/review/impact/code/tests/release approval",GAP,"Standards Lifecycle","STANDARD_RULE_UNAPPROVED","Forbidden automatic activation tests",HOLD_UNTIL_IMPLEMENTED
W7-STD-006,Historical reproducibility,"Bind immutable standards snapshot to case/report",PARTIAL_AUDIT_REQUIRED,"Persistence + Standards","STANDARD_SNAPSHOT_MISSING","Historical load/reproduce tests",HOLD_UNTIL_IMPLEMENTED
W7-STD-007,Snapshot integrity,"Use immutable snapshot hash in addition to version",GAP,"Persistence + Standards","STANDARD_SNAPSHOT_HASH_MISMATCH","Hash stability/change tests",HOLD_UNTIL_IMPLEMENTED
W7-STD-008,Temporal rules,"Support rule-specific applicability date basis",GAP,"Purpose Router","STANDARD_RULESET_CONFLICT","valuation/report/engagement date routing tests",HOLD_UNTIL_IMPLEMENTED
W7-ROU-001,Purpose Router,"Route by jurisdiction purpose use user asset framework regulated status transaction and finance context",GAP,"Purpose Router","VALUATION_SCOPE_INCOMPLETE","Router table tests",HOLD_UNTIL_IMPLEMENTED
W7-ROU-002,Conflicts,"Material unresolved standards conflict fails closed to review",GAP,"Purpose Router","STANDARD_RULESET_CONFLICT","Conflict resolution/hold tests",HOLD_UNTIL_IMPLEMENTED
W7-ASG-001,Assignment,"Capture client users purpose asset rights basis dates scope assumptions reliance limits conflicts independence competence reviewer",GAP,"Engagement","VALUATION_SCOPE_INCOMPLETE","Required-field contract tests",HOLD_UNTIL_IMPLEMENTED
W7-ASG-002,Assignment lifecycle,"Use explicit fail-closed assignment acceptance state machine",GAP,"Engagement Workflow","VALUATION_SCOPE_INCOMPLETE","Allowed/forbidden transition tests",HOLD_UNTIL_IMPLEMENTED
W7-ASG-003,Conflict check,"Support CLEAR DISCLOSURE_REQUIRED REVIEW_REQUIRED CANNOT_PROCEED",GAP,"Engagement Workflow","CONFLICT_REVIEW_REQUIRED","State transition tests",HOLD_UNTIL_IMPLEMENTED
W7-ASG-004,Competence,"Require specialist/professional review when competence gate requires it",GAP,"Engagement Workflow","PROFESSIONAL_REVIEW_REQUIRED","Specialized-asset transition tests",HOLD_UNTIL_IMPLEMENTED
W7-DOM-001,Canonical model,"Represent engagement property interests documents evidence inspection measurements comparables leases valuation runs assumptions reviews reports audit",PARTIAL_AUDIT_REQUIRED,"Canonical Domain Model","DOMAIN_SCHEMA_INCOMPLETE","Schema/serialization tests",HOLD_UNTIL_IMPLEMENTED
W7-DOM-002,Data classification,"Keep FACT ASSUMPTION DERIVED PROFESSIONAL_JUDGMENT distinct",GAP,"Canonical Domain Model","DATA_CLASSIFICATION_REQUIRED","Classification persistence tests",HOLD_UNTIL_IMPLEMENTED
W7-DOM-003,Property interests,"Represent valued interest using PropertyInterestGraph",GAP,"Property Rights","PROPERTY_INTEREST_INCOMPLETE","Graph integrity + valued-interest tests",HOLD_UNTIL_IMPLEMENTED
W7-EVD-001,Document evidence,"Preserve document hash locator extraction method model version confidence verifier",PARTIAL_REUSE_CONFIRMED,"Existing Document Intelligence extension","EVIDENCE_INSUFFICIENT","Existing evidence regression + new chain-of-custody tests",QUALIFICATION_REQUIRED
W7-EVD-002,Evidence lifecycle,"Document != extracted evidence != verified fact != qualified input",REUSE_CONFIRMED,"Existing Evidence Controls","EVIDENCE_INSUFFICIENT","Regression of promotion boundaries",QUALIFICATION_REQUIRED
W7-EVD-003,Bitemporal evidence,"Preserve valid time separately from recorded/superseded system time",GAP,"Evidence Model","EVIDENCE_TEMPORAL_CONFLICT","Historical evidence reconstruction tests",HOLD_UNTIL_IMPLEMENTED
W7-INSP-001,Inspection,"Capture GPS photos timestamps device/EXIF hashes measurements condition defects occupancy MEP surroundings",GAP,"Inspection","INSPECTION_EVIDENCE_INCOMPLETE","Inspection evidence integrity tests",HOLD_UNTIL_IMPLEMENTED
W7-MEA-001,Measurement,"Support land GFA BUA NLA GLA rentable/common with standard/source",GAP,"Measurement","MEASUREMENT_SCOPE_INCOMPLETE","Unit/standard/source validation tests",HOLD_UNTIL_IMPLEMENTED
W7-PROP-001,Property conflicts,"Material deed/registry/license/plan/inspection conflicts block dependent conclusions",PARTIAL_AUDIT_REQUIRED,"Property Evidence","MATERIAL_PROPERTY_DATA_CONFLICT","Conflict reachability tests",HOLD_UNTIL_IMPLEMENTED
W7-MKT-001,Comparable evidence,"Evidence hierarchy + verification + duplicate/outlier/stale/abnormal controls",PARTIAL_AUDIT_REQUIRED,"Market Evidence","COMPARABLE_EVIDENCE_INSUFFICIENT","Qualification/rejection tests",HOLD_UNTIL_IMPLEMENTED
W7-MKT-002,Adjustments,"Comparable adjustments preserve factor direction magnitude rationale evidence confidence reviewer",GAP,"Market Evidence","COMPARABLE_ADJUSTMENT_UNSUPPORTED","Adjustment provenance tests",HOLD_UNTIL_IMPLEMENTED
W7-HBU-001,HBU,"Sequential legal physical financial maximum-productivity gates",GAP,"HBU Engine","HBU_GATE_INCOMPLETE","Scenario gate ordering tests",HOLD_UNTIL_IMPLEMENTED
W7-PLN-001,Planning,"Planning facts carry source and temporal validity applicable to valuation context",PARTIAL_AUDIT_REQUIRED,"Regulatory/Planning","PLANNING_EVIDENCE_STALE","Temporal planning routing tests",HOLD_UNTIL_IMPLEMENTED
W7-CALC-001,Canonical calculations,"All production numbers originate from governed deterministic calculation engine",REUSE_CONFIRMED,"Existing Engines","CALCULATION_ENGINE_BOUNDARY","UI/report/AI no-alternate-formula regressions",QUALIFICATION_REQUIRED
W7-CALC-002,Semantic validation,"Inputs require semantic type/range/unit/precision/logical validation not finite-only",PARTIAL_REUSE_CONFIRMED,"Existing Contracts/Engines","INCOMPLETE_INPUTS","Boundary and cross-field validation tests",QUALIFICATION_REQUIRED
W7-DCF-001,DCF governance,"Lease-level DCF defines timing convention and provenance of discount/exit cap rates",PARTIAL_AUDIT_REQUIRED,"Valuation Engine","DCF_CONFIGURATION_INCOMPLETE","Timing convention/rate provenance tests",HOLD_UNTIL_IMPLEMENTED
W7-FIN-001,Financial separation,"Separate value from investment metrics and unlevered/debt/equity economics",PARTIAL_AUDIT_REQUIRED,"Financial Engine","FINANCIAL_SCOPE_INCOMPLETE","Metric semantic-owner tests",HOLD_UNTIL_IMPLEMENTED
W7-REC-001,Reconciliation,"No automatic averaging; weights/reasons depend on relevance evidence appropriateness reliability uncertainty",PARTIAL_AUDIT_REQUIRED,"Valuation Intelligence","RECONCILIATION_INCOMPLETE","Method failure/weight/override tests",HOLD_UNTIL_IMPLEMENTED
W7-UNC-001,Uncertainty,"Classify uncertainty and preserve component drivers",GAP,"Valuation Intelligence","UNCERTAINTY_INCOMPLETE","Classification/driver tests",HOLD_UNTIL_IMPLEMENTED
W7-REP-001,Report QA,"Critical scope/evidence/calculation/standards/review gaps block report",GAP,"Report Engine","REPORT_BLOCKED","Completeness matrix tests",HOLD_UNTIL_IMPLEMENTED
W7-REP-002,Professional authority,"Software cannot self-certify licensed valuer status/final professional report",REUSE_CONFIRMED,"Compliance + Report Engine","PROFESSIONAL_REVIEW_REQUIRED","Authority boundary regression",QUALIFICATION_REQUIRED
W7-AI-001,AI boundary,"AI cannot override calculations evidence verification standards activation professional/legal authority or transactions",REUSE_CONFIRMED,"Existing AI/Compliance","PROHIBITED_AUTHORITY_CLAIM","AI policy/red-team regressions",QUALIFICATION_REQUIRED
W7-AI-002,Claim grounding,"Material AI claims bind evidence/assumption refs freshness/confidence or fail insufficient evidence",PARTIAL_AUDIT_REQUIRED,"AI Gateway","INSUFFICIENT_EVIDENCE","Claim-level grounding tests",HOLD_UNTIL_IMPLEMENTED
W7-AI-003,AI provenance,"Persist model/prompt/policy/context hashes for material AI output",PARTIAL_AUDIT_REQUIRED,"AI Gateway","AI_PROVENANCE_INCOMPLETE","Reproducibility/audit tests",HOLD_UNTIL_IMPLEMENTED
W7-GOV-001,Decision provenance,"Conclusion traverses methods assumptions evidence documents standards rules model/calculation version review",GAP,"Decision Provenance Graph","PROVENANCE_GRAPH_INCOMPLETE","Graph completeness tests",HOLD_UNTIL_IMPLEMENTED
W7-GOV-002,Audit,"Material state changes are attributable and append-only",PARTIAL_REUSE_CONFIRMED,"Existing Audit + new workflows","AUDIT_EVENT_MISSING","Transition audit tests",QUALIFICATION_REQUIRED
W7-GOV-003,Saved deals,"New standards/models do not silently migrate/recalculate historical deals",PARTIAL_REUSE_CONFIRMED,"Persistence","MIGRATION_APPROVAL_REQUIRED","No-silent-migration regressions",QUALIFICATION_REQUIRED
W7-CMP-001,Saudi compliance boundary,"Preserve UNLICENSED_DECISION_SUPPORT and transactionAuthorized=false until external human authorization",REUSE_CONFIRMED,"Compliance","COMMERCIAL_EXTERNAL_LAUNCH_HOLD","Compliance regression tests",MUST_PRESERVE
